tweet,time,score,human_score
"[#pixnow, :, this, just, in, -, a, #norovirus, outbreak, is, sweeping, through, a, #campfire, evacuation, center]",2018-11-14 23:59:58,,0.0
"[modis, image, shows, extensive, smoke, over, #norcal, from, the, #campfire, ., air, quality, this, afternoon, is, in, the, unhealthy, to, very, unhealthy, categories, for, many, locations, ., spare, the, air, alert, continues, ., #bayarea, #cawx, #cafire]",2018-11-14 23:59:55,,0.0
"[updated, :, who, are, the, camp, fire, missing, ?, death, toll, increases, again, as, answers, come, slowly, about, the, 100, people, reported, to, sheriff's, office]",2018-11-14 23:59:53,,0.0
"[fema, has, shared, that, individuals, and, business, owners, who, sustained, losses, due, to, the, #woolseyfire, can, begin, applying, for, assistance, by, registering, online, at, or, by, calling, 1-800-621- 3362, this, includes, those, affected, in, #calabasas]",2018-11-14 23:59:50,,1.0
"[how, you, can, help, victims, of, the, camp, fire]",2018-11-14 23:59:41,,1.0
"[we're, on, the, edge, of, a, humanitarian, crisis, in, the, aftermath, of, the, #campfire, .]",2018-11-14 23:59:24,,0.0
"[my, colleague, ,, ,, on, how, collaborative, solutions, -, not, myths, -, will, help, protect, lives, and, properties, :]",2018-11-14 23:59:22,,1.0
"[it's, called, #campfire, because, of, the, street, the, fire, started, on, ., high, winds, and, a, downed, power, pole, caused, the, fire]",2018-11-14 23:59:15,,0.0
"[[, ?, ], [, ?, ], tree, crew, working, on, sr, 70, today, in, eastern, butte, county, ,, removing, hazard, trees, from, the, #campfire, [, ?, ], [, ?, ]]",2018-11-14 23:59:13,,1.0
"[still, missing, owner, still, looking, #campfire]",2018-11-14 23:59:12,,0.0
"[where, is, the, [, ?, ], [, ?, ], ?, ?, they, love, to, raise, money--isn't, it, time, they, spent, some, ?, ?, ?, #campfireparadise, #campfire, #campfiresurvivorsrefugee, camps, for, fire, survivors, :, california, town, ', on, the, edge, ', of, humanitarian, crisis, -, the, sacramento, bee]",2018-11-14 23:59:06,,0.0
"[#insurance, commissioner, _davejones, going, live, with, to, discuss, his, actions, to, help, #california, #wildfire, survivors, ., tune, in, at, 4pm, !, #campfire, #woolseyfire, #hillfire, more, info, at]",2018-11-14 23:59:06,,1.0
"[la, news, how, to, help, southern, california, fire, victims]",2018-11-14 23:59:05,,1.0
"[offshore, winds, sent, the, levels, of, unhealthy, air, blanketed, over, the, bay, area, from, the, camp, fire, soaring, over, 200, aqi, readings, in, many, cities, wednesday, afternoon, .]",2018-11-14 23:59:02,,0.0
"[legacy, ?, #woolseyfire, 51, dead, and, counting, ., #forestmanagement]",2018-11-14 23:59:01,,0.0
"[yesterday, was, a, rough, day, ., shock, is, wearing, off, &, amp, ;, reality, is, setting, in, ., my, mind, &, amp, ;, heart, are, tired, ., i, love, you, butte, county, ., stay, strong, ., [, yellow, heart, ], #campfire]",2018-11-14 23:58:56,1.0,1.0
"[more, than, 100, are, missing, in, california's, camp, fire, ,, sheriff's, office, says, -]",2018-11-14 23:58:50,,0.0
"[c, ., o, ., ranch, owner, saves, horses, from, s, ., california, fire, -, ktvz]",2018-11-14 23:58:44,,1.0
"[horse, found, ', shivering, uncontrollably, ', after, surviving, camp, fire, in, backyard, pool, via]",2018-11-14 23:58:43,,0.0
"[grim, news, from, the, camp, fire, :, death, toll, increases, again, as, answers, come, slowly, about, the, 100, people, reported, to, sheriff's, office]",2018-11-14 23:58:40,,0.0
"[my, community, is, on, fire, ., much, of, california, is, on, fire, ., heres, my, new, video, explaining, the, #campfire, to, the, best, of, my, ability, ., pray, for, california, ., send, love, ., let's, beat, these, fires, ., #campfireparadise, #californiafires, #woolseyfire, #californiawildfires]",2018-11-14 23:58:39,,1.0
"[ahead, of, a, local, visit, on, thursday, ,, interior, secretary, ryan, zinke, goes, to, northern, california, ,, speaking, alongside, gov, ., jerry, brown, and, calling, the, camp, fire, the, worst, fire, i've, ever, seen, and, urging, a, focus, on, recovery, efforts, .]",2018-11-14 23:58:35,,0.0
"[who, or, what, is, to, blame, for, ca's, deadly, wildfires, ?, instead, of, pointing, fingers, ,, we, need, resilient, solutions, ,, fast, ., via]",2018-11-14 23:58:31,,1.0
"[50, dead, ., damn, that's, terrible, #campfire]",2018-11-14 23:58:19,,0.0
"[her, father, ran, back, into, the, house, during, the, camp, fire, ., then, she, watched, it, burn, to, the, ground, .]",2018-11-14 23:58:16,,0.0
"[when, guy, fieri, shows, up, ,, you, know, the, disaster, is, serious, -, my, life, in, the, camp, fire]",2018-11-14 23:57:59,,1.0
"[famous, recording, studio, ,, where, a-list, celebs, like, have, recorded, ,, still, stands, after, #woolseyfire, destroyed, nearby, homes]",2018-11-14 23:57:29,,0.0
"[one, of, the, most, thorough, guides, to, protecting, yourself, and, family, from, #wildfire, smoke, -, -, and, note, the, photos, below, ., the, one, on, the, left, is, what, we're, dealing, with, in, #berkeley, /, #sfbayarea, :, #californiawildfires, #campfire, #woolseyfire, #asthma, #breathingproblems, #sparetheair]",2018-11-14 23:57:29,,1.0
"[donating, used, clothes, to, wildfire, relief, causes, is, a, good, way, to, clean, out, your, closets, ,, but, it, creates, more, issues, for, first, responders, and, volunteer, relief, organizers, ., instead, ,, the, best, thing, to, donate, is, cash, ., #campfire]",2018-11-14 23:57:23,,1.0
"[day, 7, of, the, #woolseyfire, &, amp, ;, so, many, have, lost, so, much, ., help, 4, heroes, is, teaming, up, w, /, frontline, fitness, to, collect, donations, for, those, affected, !, remember, to, use, caution, when, donating, ,, ensure, you, are, donating, only, to, reputable, organizations, !, #lasd, #av411]",2018-11-14 23:57:17,,1.0
"[air, so, bad, they, cancelled, all, classes, here, in, sacramento, ., #campfire, #losrios]",2018-11-14 23:57:13,,0.0
"[her, father, ran, back, into, the, house, during, the, camp, fire, ., then, she, watched, it, burn, to, the, ground]",2018-11-14 23:57:07,,0.0
"[[, ?, ], [, ?, ], tree, crew, working, on, sr, 70, today, ,, removing, hazardous, trees, from, the, #campfire]",2018-11-14 23:57:06,,1.0
"[varsity, football, :, amid, smoke, problems, from, the, #campfire, ,, no, ., 8, seed, american, canyon, is, ready, to, finally, play, no, ., 1, rancho, cotate, in, a, ncs, playoff, quarterfinal]",2018-11-14 23:57:05,,0.0
"[are, you, in, oregon, ?, is, collecting, a, special, offering, this, week, ,, 100, %, to, help, ., #campfire]",2018-11-14 23:57:03,,1.0
"[the, silicon, valley, humane, society, has, become, a, tour, de, force, in, taking, in, animals, from, the, camp, fire, zones, .]",2018-11-14 23:57:03,,1.0
"[lawsuit, filed, against, pg, &, amp, ;, e, over, the, camp, fire, .]",2018-11-14 23:57:01,,0.0
"[thank, you, to, the, manager, for, feeding, me, ., after, escaping, the, #campfire, with, my, life, i, am, so, grateful, to, caring, people, like, you, ., it's, the, simple, gestures, that, mean, so, much, right, now, .]",2018-11-14 23:56:58,,1.0
"[butte, county, ihss, providers, &, amp, ;, clients, affected, by, #campfire, :, here's, info, about, paychecks, &, amp, ;, timesheets, and, additional, resources, ., please, don't, hesitate, to, call, our, chico, office, at, 530-894-2702, .]",2018-11-14 23:56:55,,1.0
"[lady, gaga, surprises, california, wildfire, evacuees, with, pizza, ,, gift, cards]",2018-11-14 23:56:50,,1.0
"[and, i, only, say, this, for, the, fire, in, butte, county, and, not, down, in, calabassas, because, i, live, an, hour, away, from, where, the, camp, fire, is, happening, ., it's, easier, for, me, to, get, food, up, there, than, down, to, la]",2018-11-14 23:56:44,,0.0
"[how, to, help, southern, california, fire, victims]",2018-11-14 23:56:36,,1.0
"[link, below, to, #campfire, missing, people, and, pets, group, on, [, down-pointing, small, red, triangle, ], #campfirepets, #campfirejameswoods, #chico, #chicoca, #paradisefire, #californiafires]",2018-11-14 23:56:36,,0.0
"[all, the, happiness, is, bursting, out, of, every, atom, that, makes, me, who, i, am, !, this, always, happens, when, i, spend, this, much, time, out, in, the, woods, ,, climbing, mountains, ,, sleeping, under, the, stars, and, smelling, like, a, camp, fire, ., i, am, in, love, with, the, fresh, morning, air, on, mountain, tops, !]",2018-11-14 23:56:34,,1.0
"[join, me, in, supporting, #wildcatsrise, to, ensure, chico, state, faculty, ,, staff, ,, and, students, directly, impacted, by, the, devastating, camp, fire, have, the, resources, they, need, .]",2018-11-14 23:56:28,,1.0
"[indoor, air, quality, at, my, office, was, so, poor, the, big, boss, shut, down, the, building, ., first, time, ever, for, me, in, nearly, 18, years, ., #campfire]",2018-11-14 23:56:26,,0.0
"[stay, strong, #california, #firevictims, #firefighters, #buttecounty, #californiafires, #norcal, #socal, #woosleyfire, #californiawildfires, #airquality, #campfire, #nursefire, #oroville, #sacramento, ...]",2018-11-14 23:56:24,,1.0
"[i, legit, sometimes, just, sit, by, camp, fire, and, just, mesmerize, the, view, with, my, horse, ., it's, kinda, scary, how, detailed, everything, is, .]",2018-11-14 23:56:08,,1.0
"[la, co, ., sheriff's, say, a, body, was, found, in, a, burned, out, home, ,, the, 3rd, victim, of, the, #woolseyfire, in, socal, ., meanwhile, ,, gov, ., brown, toured, paradise, ,, the, community, that, was, devastated, by, the, #campfire, in, butte, co, ., where, 48, people, died, .]",2018-11-14 23:56:03,,0.0
"[there, is, no, way, this, photo, was, taken, recently, ., haven't, seen, sun, or, blue, skies, for, a, few, days, due, to, the, #campfire, ., might, want, check, your, scheduled, posts, and, do, some, editing, .]",2018-11-14 23:56:03,,0.0
"[the, camp, fire, is, on, the, news, every, morning, though, ...., i, watch, it, at, work, to, get, updates]",2018-11-14 23:56:03,,1.0
"[the, camp, fire, ,, the, deadliest, and, most, destructive, in, california, history, ,, has, now, killed, 48, people, ,, officials, said, ., via]",2018-11-14 23:55:48,,
"[death, toll, from, camp, fire, in, paradise, rises, to, 48, ;, hundreds, still, missing]",2018-11-14 23:55:45,,
"[how, many, days, now, and, still, victims, of, the, camp, fire, are, in, a, parking, lot, !, do, something, !]",2018-11-14 23:55:37,,
"[in, spite, of, not, being, a, big, walmart, fan, ,, walmart, is, hosting, thousands, of, wildfire, evacuees, from, paradise, california, from, the, #campfire, wildfire, .]",2018-11-14 23:55:27,,
"[look, at, the, smoke, guys, still, about, 60, miles, from, the, #campfire]",2018-11-14 23:55:27,,
"[a, california, woman, has, taken, in, a, 93, -, year-old, world, war, ii, veteran, who, doesn't, know, if, his, home, in, paradise, is, still, standing, after, a, deadly, wildfire, swept, through, :]",2018-11-14 23:55:00,,
"[feds, to, butte, county, :, ', you're, not, going, to, be, able, to, rebuild, paradise, the, way, it, was, ', #campfire, #paradise, #californiawildfires]",2018-11-14 23:55:00,,
"[pg, &, amp, ;, e, caused, the, camp, fire, too, ?, !, christ]",2018-11-14 23:55:00,,
"[community, members, in, southern, #california, are, rallying, around, those, affected, by, the, #woolseyfire, ,, offering, free, services, ,, goods, and, support, ., #californiafires]",2018-11-14 23:54:57,,
"[thank, you, for, taking, good, care, of, me, as, i, tried, to, replace, necessities, i, lost, in, the, #campfire, and, giving, me, 30, %, off, .]",2018-11-14 23:54:50,,
"[powerful, ,, moving, work, on, the, camp, fire, by, what, must, be, many, people, ., very, grateful, to, them, all, for, helping, us, understand, what's, happening, and, how, to, help, .]",2018-11-14 23:54:50,,
"[chevron, announces, $, 1, million, for, california, fire, relief, efforts]",2018-11-14 23:54:46,,
"[we, switched, the, cause, to, the, camp, fire, for, thurs, nov, 15, ,, pumpkin-spice, at, #johnsonranchracquetclub, featuring, doterra, oils, with, cassandra, stephens, (, we, still, have, 8, seats, left, ), ,, come, to, support, our, cause, ,, chill, out, ,, ...]",2018-11-14 23:54:39,,
"[views, from, sr, 70, in, eastern, butte, county, this, afternoon, of, some, #campfire, activity, and, suppression, efforts, ., sr, 70, remains, closed, at, his, time, ., [, ?, ], [, ?, ]]",2018-11-14 23:54:37,,
"[this, pic, was, taken, at, 3pm, with, no, filter, or, alteration, ., this, is, how, hazy, and, smoky, #sacramento, still, is, as, a, result, of, the, nearby, #campfire, ., i've, limited, my, outdoor, exposure, this, past, ...]",2018-11-14 23:54:32,,
"[can, we, get, real, life, supply, drops, put, together, for, those, affected, by, the, #campfire, #californiawildfires, ?]",2018-11-14 23:54:31,,
"[nice, haul, !, this, is, what, in, visalia, has, collected, for, those, affected, by, the, #campfire, ., other, valley, craft, beer, spots, are, taking, in, donations, too, .]",2018-11-14 23:54:27,,
"[the, search, intensified, wednesday, for, those, missing, after, the, #campfire, ,, which, virtually, wiped, out, the, town, of, paradise, ., new, drone, footage, of, the, devastation, shows, how, quickly, the, fire, consumed, the, town, of, #paradise, ., home, after, home, was, leveled, ., #california]",2018-11-14 23:54:24,,
"[my, mother, and, brother, were, displaced, by, the, #campfire, ,, their, stingy, insurance, company, put, them, in, corning, ,, an, hour, away, !, i, motored, out, to, see, them, and, buy, them, some, lunch, .]",2018-11-14 23:54:22,,
"[reduced, visibility, this, afternoon, as, the, #campfire, continues, to, burn, ., make, sure, to, check, on, sensitive, groups, !, #cawx]",2018-11-14 23:54:15,,
"[humboldt, county, fire, crews, sent, to, butte, county, to, help, fight, camp, fire]",2018-11-14 23:54:03,,
"[#new, :, this, is, the, property, where, neighbors, tell, me, 84, -, year, y, /, o, missing, person, -, james, kinner, -, lived, ., they've, been, desperately, searching, for, their, elderly, neighbor, who, had, a, hard, time, breathing, and, walking, ., unfortunately, -, they, have, no, pics, to, share, ., #campfire, #missing]",2018-11-14 23:53:51,,
"[please, consider, donating, to, help, fire, victims, find, a, place, to, live, ., monies, will, go, directly, to, people, in, the, shelters, who, need, money, for, deposits, and, rent, ., camp, fire, housing]",2018-11-14 23:53:50,,
"[our, podiatric, medical, mission, association, club, is, accepting, donations, of, blankets, ,, pillows, ,, toiletries, ,, socks, ,, undergarments, ,, etc, ., for, victims, of, the, camp, fire, now, through, nov, ., 20, ., drop, off, points, are, available, on, our, oakland, campus, ., #campfire]",2018-11-14 23:53:44,,
"[thank, you, devon, in, sacramento, ., he, held, my, hand, through, the, entire, process, of, replacing, my, music, after, the, #campfire, and, he, gave, me, the, best, discounts, he, could, ., there, are, still, good, people, in, this, world, .]",2018-11-14 23:53:44,,
"[we, are, hundreds, of, miles, away, from, location, the, camp, fire, that, devastated, paradise, and, areas, of, butte, county, ., still, we, are, going, on, day, 6, of, staying, indoors, ,, with, a, notice, from, our, school, ...]",2018-11-14 23:53:38,,
"[#campfire, ,, rebuild, fire, proof, ., #aircrete, #hempcrete, ., south, african, urine, /, sand, concrete]",2018-11-14 23:53:31,,
"[packing, for, #ncte18, -, how, many, times, in, your, life, can, you, say, your, entire, wardrobe, fits, into, one, suitcase, ?, [, face, with, tears, of, joy, ], #campfire]",2018-11-14 23:53:29,0.0,
"[fire, relief, :, cbsla, and, the, los, angeles, rams, have, teamed, up, with, united, way, of, greater, los, angeles, to, raise, money, for, southern, california, fire, victims, #cbsla, #woolseyfire, #hillfiredonate, now, :]",2018-11-14 23:53:23,,
"[the, #woolseyfire, resulted, in, more, than, a, 250,000, evacuations, across, #losangeles, and, #ventura, counties, after, igniting, on, nov, ., 8, ,, spreading, rapidly, over, the, following, days, and, growing, to, over, 97,000, acres, ., #californiafires]",2018-11-14 23:53:13,,
"[looking, for, a, way, to, help, those, affected, by, the, camp, fire, ?, adventist, health, is, taking, donations, for, a, relief, fund, .]",2018-11-14 23:53:10,,
"[shivering, horse, found, waiting, out, camp, fire, in, backyard, pool, via]",2018-11-14 23:53:09,,
"[verified, information, and, resources, for, #campfire, [, down-pointing, small, red, triangle, ], via, #campfirejameswoods, #campfirepets, #chico, #chicoca, #paradisefire]",2018-11-14 23:53:04,,
"[afternoon, sun, over, the, lower, skyway, near, lookout, ., #campfire]",2018-11-14 23:53:01,,
"[_milano, any, news, on, your, home, in, the, #woolseyfire, still, praying, your, home, is, intact, and, will, be, able, to, return, soon]",2018-11-14 23:52:59,,
"[california, :, if, you, were, impacted, by, the, wildfires, ,, you, can, register, for, fema, assistance, by, visiting, or, calling, 1-800-621-3362, ., please, have, the, following, information, available, when, you, register, with, us, ., #hillfire, #campfire, #woolseyfire]",2018-11-14 23:52:58,,
"[death, toll, continues, to, climb, with, the, woolsey, fire, ?, fires, in, california, ?, or, camp, fire, where, the, death, toll, is, already, 48, ?, please, be, specific, in, your, headlines, .]",2018-11-14 23:52:58,,
"[i, didn't, realize, the, magnitude, of, the, flames, until, a, neighbor, sent, this, photo, of, me, ., how, my, house, is, still, standing, is, a, true, miracle, !, thank, you, #woolseyfire, #firefighters, for, doing, an, ...]",2018-11-14 23:52:45,,
"[the, sky, looked, like, it, was, on, fire, tonight, on, my, way, home, from, work, and, i, couldn't, help, but, think, of, all, of, those, in, californiapraying, for, safety, for, all, ., and, a, huge, thank, you, to, all, of, the, firefighters, working, tirelessly, day, after, day, #justdonated, #youshouldtoo, #woolseyfire]",2018-11-14 23:52:44,,
"[#californiafires, #cagov, #campfire, #agenda21, governor, ,, what, do, you, know, about, it, ?, and, what, do, you, plan, to, do, with, the, #federalfunds, ?, [, water, wave, ], we, are, with, the, patriots, of, #california, ., #magafamily, [, heavy, black, heart, ], [, ?, ], [, regional, indicator, symbol, letter, u, ], [, regional, indicator, symbol, letter, s, ], [, elephant, ]]",2018-11-14 23:52:40,1.0,
"[due, to, the, recent, california, wildfires, ,, the, university, of, california, extending, its, undergraduate, application, deadline, &, amp, ;, grant, fee, waivers, to, affected, students, who, are, applying, this, fall, ., more, info, at, #campfire, #woosleyfire, #californiawildfires]",2018-11-14 23:52:39,,
"[thank, you, so, much, kristina, at, -, when, she, heard, i, am, a, fire, victim, from, #campfire, she, bought, my, sandwich, for, me, ., there, are, still, good, people, in, the, world, .]",2018-11-14 23:52:23,,
"[paradise, residents, speak, out, after, deadly, wildfire, ravages, california, town, :, ', we, have, nothing, ']",2018-11-14 23:52:16,,
"[support, your, #firefighters, ., share, &, amp, ;, donate, if, you, can, ., [, heavy, black, heart, ], [, ?, ], [, woman, ], [, emoji, modifier, fitzpatrick, type, -1-2, ], [, zero, width, joiner, ], [, fire, engine, ], [, man, ], [, emoji, modifier, fitzpatrick, type, -1-2, ], [, zero, width, joiner, ], [, fire, engine, ], #cdfffbenevolent, #calfirelocal2881, #campfire, #woolseyfire, #calfireservingca, #wildfire, #paradise, #magalia, #malibu, #la, #firstresponder, #firefamily, #nonprofit, #buttecounty, #brotherhood]",2018-11-14 23:52:04,0.0,
"[[, new, moon, symbol, ], [, new, moon, with, face, ], [, fire, ], gone, [, fire, ], i'll, create, new, adel, and, maurice, [, glowing, star, ], [, glowing, star, ], [, glowing, star, ], #fire, #burned, #malibu, #woolseyfire, #allois7]",2018-11-14 23:51:58,1.0,
"[authorities, release, names, of, dozens, of, people, missing, after, california's, deadliest, wildfire, #campfire, via]",2018-11-14 23:51:54,,
"[thank, you, to, everyone, who, is, working, hard, at, the, emergency, operations, center, ,, coordinating, the, flow, of, critical, information, and, resources, in, response, to, the, #woolseyfire, .]",2018-11-14 23:51:41,,
"[forty-eight, deaths, have, been, reported, from, the, camp, fire, ,, mostly, in, the, town, of, paradise, in, the, hills, of, northern, california, ,, while, three, people, have, died, in, the, woolsey, fire, just, north, of, los, angeles]",2018-11-14 23:51:31,,
"[pacific, gas, &, amp, ;, electric, stock, price, tumbles, ahead, of, lawsuit, by, california, fire, victims, #lawsuit]",2018-11-14 23:51:31,,
"[northern, california, sheriff, releases, list, of, missing, in, wildfires]",2018-11-14 23:51:25,,
"[although, #worldkindnessday2018, was, officially, recognized, yesterday, ,, we, in, #southcity, are, blessed, that, our, community, practices, it, every, day, ., #thankyou, to, our, #ssf, residents, for, supporting, our, neighbors, up, north, who, have, been, affected, by, the, devastating, #campfire, in, .]",2018-11-14 23:51:20,,
"[31, dead, ,, 228, missing, ,, 7,000, structures, burned, as, california, blazes, grow, -, abc, news, -]",2018-11-14 23:51:19,,
"[from, the, #camp, fire, up, in, paradise, ,, ca, ., my, dear, friend, maritza, is, there, helping, out, ., people, are, coming, together, all, over, ,, many, have, lost, everything, ., if, you, can, find, any, way, to, donate, to, either, paradise, or, malibu, and, woolsey, fires, ,, please, please, ...]",2018-11-14 23:51:16,,
"[wer, trying, 2, finish, up, a, project, outside, before, thanksgiving, n, this, is, how, we, have, to, live, [, pouting, face, ], however, we, r, thankful, to, b, able, to, do, such, things, ., we, r, praying, 4, the, missing, n, families, affected, #campfire, #woosleyfires, #californiafires, #calfire, #firesafety, #cashouldsuepge, #despicable]",2018-11-14 23:51:16,0.0,
"[thanks, to, everyone, who, attended, last, night's, meeting, &, amp, ;, watched, the, live, stream, ., we're, sorting, through, the, questions, we, received, ,, working, on, answers, to, the, questions, and, will, start, posting, them, to, as, they, become, available, ., #malibu, #woolseyfire, #malibustrong]",2018-11-14 23:51:13,,
"[no, increase, in, #radiation, levels, in, #losangeles, seen, by, after, the, #woolseyfire, in, southern, #california, burned, through, part, of, the, santa, susana, field, laboratory, (, ssfl, ), sitethe, ssfl, site, is, highly, contaminated, with, radioactive, and, toxic, waste]",2018-11-14 23:51:09,,
"[thank, you, for, your, generous, donation, to, our, #campfire, students, that, are, displaced, _unified, #buttecoe]",2018-11-14 23:51:06,,
"[comprehending, the, ', wide, ,, deep, ', destruction, of, the, camp, fire, via]",2018-11-14 23:50:59,,
"[camp, fire, :, gov, ., brown, says, trump, pledges, federal, aid, in, phone, call]",2018-11-14 23:50:56,,
"[perfectly, normal, if, you, live, on, jupiter, ., it's, gotten, worse, ., #campfire]",2018-11-14 23:50:55,,
"[can, you, help, ?, we, need, propane, heaters, and, camp, showers, for, the, elderly, and, youngin's, still, out, in, the, cold, ., it, is, freezing, temps, out, there, right, now, ., #campfire, #campfireparadise]",2018-11-14 23:50:53,,
"[due, to, air, quality, ,, all, sacramento, cruises, have, been, cancelled, for, 11/15, &, amp, ;, 11/16, ., we, thank, all, of, the, brave, fire, fighters, for, working, tirelessly, and, are, sending, our, thoughts, &, amp, ;, sympathy, to, all, the, victims, and, families, affected, by, #campfire, ., to, help, :]",2018-11-14 23:50:41,,
"[another, resource, for, dogs, :, yuba, sutter, fairgrounds, 442, franklin, ave, yuba, city, 530-672-1280, ., also, butte, county, fairgrounds, in, gridley]",2018-11-14 23:50:25,,
"[don't, pass, all, the, california, expenses, on, to, rest, of, the, nation, ,, imo, ., -, pg, &, amp, ;, e, could, be, hurt, if, liable, for, camp, fire]",2018-11-14 23:50:21,,
"[i, cant, breath, for, first, time, #campfire]",2018-11-14 23:50:11,,
"[missing, cat, from, #magalia, on, decatur, -, mimi, contact, you, know, the, whereabouts, of, mimi, ., #campfire, #campfirejameswoods, #campfirepets, #chico, #chicoca]",2018-11-14 23:50:08,,
"[chillin, round, the, salt, lamp, like, it's, a, camp, fire]",2018-11-14 23:50:06,,
"[found, some, familiar, faces, at, the, #campfire, ,, a, strike, team, from, san, francisco, ., telling, the, stories, of, their, work, in, paradise, on, this, afternoon, .]",2018-11-14 23:50:05,,
"[a, universal, truth, of, late-stage, capitalism, is, that, anytime, something, big, happens, ,, someone's, gonna, try, to, extract, wealth, from, those, suffering, from, it, ., let's, see, if, we, can't, throw, a, wrench, in, those, works, .]",2018-11-14 23:50:03,,
"[nurse, posts, how, his, toyota, looks, after, he, saves, many, lives, from, fire, ,, toyota, responds]",2018-11-14 23:50:02,,
"[pacific, gas, &, amp, ;, electric, stock, price, tumbles, ahead, of, lawsuit, by, california, fire, victims, -, nbc, news]",2018-11-14 23:49:52,,
"[hey, elon, ,, paradise, really, needs, your, help, right, now, ., come, on, over, and, rebuild, with, us, !, the, devastation, and, loss, is, unbearable, but, you, could, be, our, saving, grace, !, #prayerforparadise, #campfire]",2018-11-14 23:49:47,,
"[do, you, know, of, an, organization, where, monies, would, go, to, camp, fire, paradise, only, ?]",2018-11-14 23:49:37,,
"[kepi, is, a, comfort, animal, here, in, #paradise, to, give, support, to, those, who, are, being, informed, by, chaplain, robert, duvall, that, a, loved, one, has, been, lost, in, the, #campfire, #cbcnews]",2018-11-14 23:49:36,,
"[help, those, impacted, by, #wildfires, in, california, :, donate, to, at, #hillfire, #woolseyfire, #campfire]",2018-11-14 23:49:34,,
"[chico, ,, paradise, ,, butte, county, xc, programs, !, !, !, we, would, like, to, help, you, ,, please, have, your, coaches, dm, me, so, we, can, send, our, support, in, whatever, form, would, be, most, helpful, !, from, prioryxc, [, person, with, folded, hands, ], [, emoji, modifier, fitzpatrick, type, -1-2, ], [, smiling, face, with, open, mouth, and, smiling, eyes, ], [, runner, ], #xcrunning, #teamsunite, #campfire, #crosscountry]",2018-11-14 23:49:28,1.0,
"[northern, california, fire, victims, are, suing, the, power, company]",2018-11-14 23:49:25,,
"[on-the-ground, snapshots, from, california's, camp, fire, show, devastation, and, bravery]",2018-11-14 23:49:02,,
"[capturing, looters, or, feeding, chickens, ., we, are, committed, to, serve, those, in, _ca, and, beyond, who, have, had, their, lives, turned, upside, down, by, the, #campfire, .]",2018-11-14 23:48:44,,
"[damn, ., the, 48, confirmed, dead, are, just, bodies, they've, recovered, ., there, are, still, the, bodies, they've, observed, along, the, way, and, the, missing, who, some, witnesses, say, were, impossible, to, save, ., this, is, a, catastrophe, ., #campfire]",2018-11-14 23:48:37,,
"[outstanding, ,, regularly, updated, google, doc, resource, for, the, #campfire, :]",2018-11-14 23:48:35,,
"[help, this, #campfire, family, who, lost, everything, ., via]",2018-11-14 23:48:34,,
"[i, could, start, a, camp, fire, cus, i'm, ridin, with, them, sticks]",2018-11-14 23:48:26,,
"[my, thoughts, and, dreams, are, filled, with, burned, animals, ., i, keep, seeing, the, burned, ,, blind, eyes, of, a, raccoon, i, killed, thursday, to, end, its, suffering, as, the, camp, fire, raged, ., i, hear, the, terrified, howls, from, a, singed, cat, ..., my, god, ,, this, story, from]",2018-11-14 23:48:24,,
"[3,500, uc, davis, students, sign, up, for, event, to, throw, rocks, at, camp, fire, smoke, to, make, it, go, away, ., um, ..., via]",2018-11-14 23:48:24,,
"[the, air, quality, in, redwood, city, is, terrible, -, -, i, think, this, is, the, worst, it's, been, since, the, #campfire, started, [, face, with, medical, mask, ], [, face, with, medical, mask, ], [, face, with, medical, mask, ], #airquality]",2018-11-14 23:48:16,0.0,
"[death, toll, rises, in, northern, california, -, fire, fighter, nation]",2018-11-14 23:48:09,,
"[., ceo, announces, $, 1m, contribution, to, the, ., as, a, california, company, ,, we, mourn, the, loss, of, life, and, destruction, these, fires, have, caused, .]",2018-11-14 23:48:07,,
"[another, great, piece, from, the, ', fire, coverage, ., this, ,, via, the, bobcats, were, supposed, to, start, the, playoffs, nov, ., 9, ., by, then, ,, almost, the, entire, team, was, homeless, .]",2018-11-14 23:48:03,,
"[', it's, going, to, get, worse, ', :, officials, fear, many, more, deaths, from, california, wildfires, that, have, already, claimed, 51, lives, -, abc, news, -]",2018-11-14 23:48:01,,
"[evacuated, from, the, #campfire, ?, contact, your, insurer, at, their, toll, free, phone, number, #wildfires]",2018-11-14 23:48:01,,
"[world, central, kitchen, is, providing, meals, to, people, suffering, from, the, #campfire, and, #woolseyfire, ., i, just, donated, ., will, you, ?]",2018-11-14 23:47:56,,
"[that's, not, fog, but, smoke, ,, really, bad, air, engulfing, us, in, sacramento, #campfire]",2018-11-14 23:47:52,,
"[there, are, so, many, amazing, non, profits, out, there, to, support, ., please, consider, adding, to, your, list, with, our, wildcats, rise, fire, relief, fund, ,, which, will, support, all, students, ,, faculty, and, staff, affected, by, the, #campfire, ., together, ,, wildcats, will, rise, !]",2018-11-14 23:47:39,,
"[ya, think, !, ?, !, trump, was, right, ., trump, is, always, right, ., #campfire, #californiafires]",2018-11-14 23:47:32,,
"[wednesday, november, 14, -, evening, briefing, :, trump, endorses, easing, some, mandatory, sentencing, laws, ;, camp, fire, death, toll, at, 48, ;, new, progress, on, brexit, via]",2018-11-14 23:47:27,,
"[#campfire, destroyed, 93, -, year-old's, home, ., ', i, don't, think, they'll, call, it, #paradise, again, ., ', story, and, video, :]",2018-11-14 23:47:25,,
"[so, ,, let's, do, a, little, scarce, resource, management, ., here's, the, question, ,, you, have, 5,500, soldiers, available, ., do, you, send, them, to, the, border, for, a, vapid, threat, from, kids, &, amp, ;, moms, or, to, back, up, 1st, responders, fighting, 5, expanding, fires, in, california, ?, fire, or, ice, ?, ?]",2018-11-14 23:47:22,,
"[#campfire, survivor, and, i, wanted, a, lousy, pizza, ., #mountainmikes, and, #roundtable, don't, want, customers, from, the, fire, ., i, think, i, can, live, without, pizza, for, the, rest, of, my, life, ., thanks, for, nothing, ,, jerks, ., pb, &, amp, ;, j, in, my, hotel, room, .]",2018-11-14 23:47:22,,
"[so, many, have, lost, so, much, to, the, horror, of, the, #campfire, and, it's, really, heartwarming, to, see, donate, $, 100,000, to, relief, efforts, ., if, you, can, support, them, please, do, ., as, well, as, the, 27,000, people, of, paradise, who, no, longer, have, anything, .]",2018-11-14 23:47:20,,
"[#concord, #concordca, #walnutcreek, #walnutcreekca, supplies, needed, for, #campfire, evacuees, [, down-pointing, small, red, triangle, ], #campfirejameswoods, cc, :, #antioch, #berkeley, #oakland]",2018-11-14 23:47:15,,
"[pg, &, amp, ;, e, shares, slammed, again, over, fears, of, liability, for, camp, fire]",2018-11-14 23:47:11,,
"[inside, california's, worst, wildfire, :, the, unprecedented, devastation, of, the, camp, fire]",2018-11-14 23:47:08,,
"[_d, i, havent, see, any, celebrity, helping, the, camp, fire]",2018-11-14 23:47:07,,
"[investors, flee, as, pg, &, amp, ;, e, faces, scrutiny, over, cause, of, northern, california's, camp, fire, |, programbusiness]",2018-11-14 23:47:07,,
"[pg, &, amp, ;, e, shares, slammed, again, over, fears, of, liability, for, camp, fire]",2018-11-14 23:47:05,,
"[#campfire, #californiafires, #campfirejameswoods, [, white, down, pointing, backhand, index, ], [, emoji, modifier, fitzpatrick, type, -, 4, ], [, white, down, pointing, backhand, index, ], [, emoji, modifier, fitzpatrick, type, -, 4, ], [, white, down, pointing, backhand, index, ], [, emoji, modifier, fitzpatrick, type, -, 4, ], [, white, down, pointing, backhand, index, ], [, emoji, modifier, fitzpatrick, type, -, 4, ], if, you, need, shelter, text, shelter, and, your, zip, code, to, 43362, to, locate, an, emergency, shelter, in, your, area, ., please, everyone, stay, safe, follow, _fire, for, updates, ., [, person, with, folded, hands, ], [, ...]",2018-11-14 23:47:01,0.0,
"[', we, lost, everything, ', :, surveying, the, camp, fire's, destruction, -, -, channels, &, amp, ;, shows, home, search, natural, disasters, log, in]",2018-11-14 23:47:00,,
"[uh, ..., this, is, somewhat, triggering, for, california, fire, ?, ?]",2018-11-14 23:46:47,,
"[this, is, a, great, story, ., kudos, to, tracy, grant, &, amp, ;, josh, fox, for, taking, in, lee, brundige, .]",2018-11-14 23:46:43,,
"[ssvms, has, launched, a, call, for, donations, to, help, impacted, physicians, &, amp, ;, families, ., to, donate, ,, visit, or, mail, checks, and, /, or, giftcards, to, 5380, elvas, ave, ste, 101, ,, sac, ,, ca, 95819, ., 100, %, of, your, donations, will, go, to, physicians, of, bgcms, !, #campfire, #ssvms]",2018-11-14 23:46:39,,
"[our, #norcal, neighbors, need, us, now, !, !, the, #campfire, has, been, absolutely, devastating, ., help, #buttecountyfire, victims, through, the, campaign, !]",2018-11-14 23:46:34,,
"[as, the, camp, fire, spreads, ,, officials, at, the, oroville, dam, are, on, guard, ., managing, weather, extremes, will, require, additional, care, in, the, face, of, #climatechange, :, #campfire]",2018-11-14 23:46:30,,
"[authorities, searching, through, the, blackened, aftermath, of, northern, calif, ., ', s, #campfire, released, the, names, of, about, 100, people, who, are, missingdozens, more, could, still, be, unaccounted, for, in, the, deadliest, wildfire, in, state, history, is, on, the, ground]",2018-11-14 23:46:29,,
"[please, consider, reading, ,, sharing, &, amp, ;, donating, to, the, #buttecounty, #schools, #campfire, relief, fund, _schools, #momsasprincipals]",2018-11-14 23:46:29,,
"[#buildthewall, #buildthatwall, #campfire, #borderpatrol, #firstresponders, everyone, bring, your, unused, rvs, to, paradise, ,, we, are, ., god, bless, you, ,, snake, !]",2018-11-14 23:46:13,,
"[_brock, so, stinky, ,, tell, me, how, many, acres, /, hectares, of, usdi, lands, were, impacted, by, the, camp, fire, ?, looks, like, a, political, feel, good, trip, at, tax, payer, expense, to, me, ?]",2018-11-14 23:46:10,,
"[aid, sought, for, victims, of, the, camp, fire, in, butte, county]",2018-11-14 23:46:06,,
"[first, man, to, spot, camp, fire, saw, fierce, winds, turn, it, into, a, monster, via]",2018-11-14 23:46:02,,
"[these, six, people, were, arrested, on, looting, and, other, charges, in, camp, fire, area, #campfire, #paradise, #californiawildfires]",2018-11-14 23:46:01,,
"[despite, their, loss, ,, the, family, is, focusing, on, helping, others, in, their, new, community, ., via, #denver7, #campfire]",2018-11-14 23:46:00,,
"[state, route, 70, ,, near, shady, rest, area, (, butte, county, ), ,, this, afternoon, ., #campfire]",2018-11-14 23:45:59,,
"[we, are, so, blessed, to, live, in, a, community, where, when, you, go, to, deliver, donations, there, is, an, abundance, !, #tostrong, #woolseyfire]",2018-11-14 23:45:58,,
"[info, on, financial, assistance, options, and, applications, for, aid, (, grants, and, loans, ), for, students, ,, faculty, ,, and, staff, impacted, by, the, #campfire, are, now, available, :, support, these, grants, by, giving, to, the, wildcats, rise, fire, recovery, fund]",2018-11-14 23:45:57,,
"[how, about, a, message, of, support, &, amp, ;, donations, for, #campfire, victims, ?]",2018-11-14 23:45:56,,
"[support, your, #firefighters, ., share, &, amp, ;, donate, if, you, can, ., [, heavy, black, heart, ], [, ?, ], [, woman, ], [, emoji, modifier, fitzpatrick, type, -1-2, ], [, zero, width, joiner, ], [, fire, engine, ], [, man, ], [, emoji, modifier, fitzpatrick, type, -1-2, ], [, zero, width, joiner, ], [, fire, engine, ], #cdfffbenevolent, #calfirelocal2881, #campfire, #woolseyfire, #calfireservingca, #wildfire, #paradise, #magalia, #malibu, #firstresponder, #firefamily, #nonprofit, #buttecounty, #brotherhood]",2018-11-14 23:45:56,0.0,
"[more, than, 100, are, missing, in, california's, camp, fire, ,, sheriff's, office, says, unfathomable, .]",2018-11-14 23:45:55,,
"[camp, fire, because, it, burned, a, place, on, the, north, fork, of, the, feather, river, ,, one, of, most, beautiful, forest, canyons, in, america, ,, leading, to, high, elevation, lake, almanor, ,, built, by, edison, power, company, to, power, los, angeles, ., snowfields, ., lake, oroville, will, get, debris, in, in, its, foredam, .]",2018-11-14 23:45:54,,
"[it's, been, noted, that, #woolseyfire, (, the, largest, in, socal, ), and, #campfire, (, the, most, destructive, ), in, california, were, created, by, years, of, unprecedented, drought, and, high, temperatures, ., nobody, ,, (, especially, in, california, ), should, ever, think, for, a, second, that, #climatechange, doesn't, exist, .]",2018-11-14 23:45:51,,
"[#campfire, evacuees, seeking, basic, necessities, and, information, can, visit, the, following, locations, :]",2018-11-14 23:45:45,,
"[thanks, for, your, reply, !, this, is, all, due, to, the, #campfire, ., it's, the, worst, smokey, day, and, the, trivalley, since, the, fire, has, erupted, .]",2018-11-14 23:45:39,,
"[a, team, from, tony, larussa's, animal, rescue, foundation, is, bringing, to, the, east, bay, 8, dogs, from, chico, &, amp, ;, paradise, who, were, up, for, adoption, before, the, #campfire, ., they're, making, space, for, animals, /, pets, that, need, to, stay, in, butte, co, ., shelters, ., arf, is, waiving, adoption, fees, through, sun, .]",2018-11-14 23:45:36,,
"[all, this, smoke, from, the, northern, california, fire, has, been, really, affecting, my, mood, on, modding, -, _, -, so, while, i'm, trying, not, to, choke, to, death, on, day, 6, of, smoke, ..., have, some, camilla, poggers]",2018-11-14 23:45:33,,
"[#campfire, #photooftheday, #photographya, campfire, is, a, fire, at, a, campsite, that, provides, light, ,, warmth, ,, &, amp, ;, heat, for, cooking, ., also, serves, as, a, beacon, ,, &, amp, ;, insect, &, amp, ;, predator, deterrent, ., established, campgrounds, provide, a, steel, fire, ring, for, safety, ., popular, feature, of, camping]",2018-11-14 23:45:29,,
"[#cawildfires, have, made, a, wonderful, couple, homeless, ,, please, show, your, support, with, a, donation, as, small, as, $, 5, !, #woolseyfire, #charity, #firerecovery, goodwin-jones, fire, recovery, fund]",2018-11-14 23:45:27,,
"[family, loses, dog, in, sacramento, after, escaping, camp, fire]",2018-11-14 23:45:23,,
"[., city, manager, reva, feldman, attends, #woolseyfire, repopulation, meeting, with, ,, law, enforcement, ,, fire, ,, health, ,, &, amp, ;, infrastructure, reps, from, all, over, the, region, ., discussed, evacuation, areas, ,, road, closures, ,, &, amp, ;, public, safety, concerns, ., #lasd]",2018-11-14 23:45:19,,
"[horse, rescue, outfit, for, horses, from, camp, fire]",2018-11-14 23:45:18,,
"[., coach, /, teacher, ,, karen, mcspadden, ,, lost, her, home, in, the, #campfire, ., humbly, ,, she, says, she, wants, nothing, ., we, hope, to, deliver, gift, cards, /, small, donations, to, help, her, with, meals, /, necessities, ., an, envelope, will, be, in, the, willows, hs, office, ., delivery, late, friday, !, #honkerpride]",2018-11-14 23:45:16,,
"[lasd, sib, :, los, angeles, county, sheriff's, department, announces, additional, repopulation, for, areas, impacted, by, the, #woolseyfire]",2018-11-14 23:45:15,,
"[who, is, collecting, ,, how, is, it, monitored, ,, and, how, are, those, that, truly, need, help, ,, going, to, get, it, ..., #campfire]",2018-11-14 23:45:08,,
"[the, admission, by, pg, &, amp, ;, e, ,, california's, biggest, power, company, ,, that, it, may, be, to, blame, for, at, least, one, of, the, deadly, fires, ravaging, the, state, sent, company, stock, prices, tumbling, by, as, much, as, 30, %, ., read, more, :]",2018-11-14 23:45:02,,
"[my, house, ,, from, my, understanding, ,, is, still, standing, ,, but, my, community, is, gone, ,, because, -, -, i, don't, know, ,, what, ,, somebody, wants, to, make, a, buck, off, of, power, ?, lorrie, lundy, ,, a, resident, of, magalia, ,, calif, ., ,, says, .]",2018-11-14 23:45:00,,
"[bay, area, air, quality, bad, but, getting, slightly, better, .]",2018-11-14 23:45:00,,
"[', i, didn't, think, we, had, hope, ', :, walmart, parking, lot, is, ground, zero, for, camp, fire, evacuees]",2018-11-14 23:44:54,,
"[i, urge, anyone, who, can, ,, go, to, gofundme, ,, and, search, for, camp, fire, ., there, are, 6512, campaigns, active, ., this, was, a, small, community, that, needs, a, lot, if, help, ., please, help, if, you, can, #campfire, #paradisefire, #paradise]",2018-11-14 23:44:50,,
"[toyota, offers, to, give, camp, fire, hero, nurse, a, new, truck, !]",2018-11-14 23:44:44,,
"[lady, gaga, surprises, california, wildfire, evacuees, with, pizza, ,, gift, cards, via]",2018-11-14 23:44:39,,
"[ca, gov, ., jerry, brown, vetoed, 2016, wildfire, management, bill, while, ca, burned, !, #praying, #campfire, #democrats]",2018-11-14 23:44:31,,
"[you, can, donate, to, the, #campfire, efforts, through, the, north, valley, community, foundation, or, through, the, united, way]",2018-11-14 23:44:31,,
"[donations, to, this, project, will, do, directly, to, families, who, were, impacted, by, the, #woolseyfire, -, created, by, some, wonderful, #lvusd, parents, .]",2018-11-14 23:44:29,,
"[los, angeles, county, sheriff's, department, announces, additional, repopulation, for, areas, impacted, by, the, #woolseyfire]",2018-11-14 23:44:23,,
"[my, husband, and, i, have, been, long, time, users, of, your, propane, heaters, ., we, are, now, in, the, middle, of, the, aftermath, of, the, #campfireparadise, #campfire, so, many, elderly, and, young, ones, are, in, freezing, temps, in, tents, and, in, their, cars, ., can, you, help, ?]",2018-11-14 23:44:22,,
"[103, missing, -, -, most, of, them, senior, citizens, -, -, in, california's, camp, fire, ,, sheriff's, office, says]",2018-11-14 23:44:22,,
"[suzanne, kaksonen, ,, an, evacuee, of, the, #campfire, ,, and, her, cockatoo, buddy, camp, at, a, makeshift, shelter, outside, a, walmart, store, in, chico, ,, calif, ., ,, on, wednesday, ,, nov, ., 14, ,, 2018, ., kaksonen, lost, her, paradise, home, in, the, blaze]",2018-11-14 23:44:16,,
"[more, than, 100, are, missing, in, california's, camp, fire, ,, sheriff's, office, says]",2018-11-14 23:44:14,,
"[i, urge, anyone, who, can, ,, go, to, gofundme, ,, and, search, for, camp, fire, ., there, are, 6512, campaigns, active, ., this, was, a, small, community, that, needs, a, lot, if, help, ., please, help, if, you, can, #campfire, #paradisefire, #paradise]",2018-11-14 23:43:58,,
"[the, terrifying, science, behind, california's, massive, camp, fire, via]",2018-11-14 23:43:47,,
"[support, your, #firefighters, ., share, &, amp, ;, donate, if, you, can, ., #cdfffbenevolent, #calfirelocal2881, #campfire, #woolseyfire, #firstresponder, #firefamily, #wildfire, #brotherhood]",2018-11-14 23:43:42,,
"[inside, california's, worst, wildfire, :, the, unprecedented, devastation, of, the, camp, fire, .]",2018-11-14 23:43:39,,
"[one, of, the, biggest, surprises, at, today's, cable, car, rally, was, the, total, *, lack, *, of, tourists, at, ghirardelli, square, ,, the, hyde, /, beach, cable, car, turn-around, ,, and, the, powell, /, market, cable, car, turn-around, ., i, guess, the, #campfire, is, keeping, folks, away, .]",2018-11-14 23:43:31,,
"[there, are, thousands, displaced, in, northern, california, ,, sleeping, in, tents, and, cars, in, parking, lots, due, to, #campfire, ..., and, that, makes, my, heart, hurtgod, ,, if, i, had, millions, ..., i, definitely, wouldn't, hire, my, own, private, fire, fighters, to, focus, on, my, houseboom, ..., roasted, ...]",2018-11-14 23:43:29,,
"[thank, you, !, #campfireparadise, #campfirepets, #campfire, #oaklandpd]",2018-11-14 23:43:28,,
"[camp, fire, claims, 48, lives, ,, becomes, the, deadliest, fire, in, california's, history]",2018-11-14 23:43:27,,
"[might, fuck, around, and, stand, outside, a, second, to, long, #campfire]",2018-11-14 23:43:26,,
"[', unprecedented, ', camp, fire, leaves, paradise, in, ashes, all, #geoengineered, !, no, care, for, the, people, ,, animals, and, trees, which, have, been, sacrificed, !, it, hurts, my, heart, :'(, #chemtrails, #haarp, #dew]",2018-11-14 23:43:16,,
"[a, trojan, family, member, lost, his, house, in, malibu, from, the, #woolseyfire, help, if, you, can, ., matt, and, ximena, tuverson, family]",2018-11-14 23:43:13,,
"[here's, the, link, :, #woolseyfire]",2018-11-14 23:43:13,,
"[it, wasn't, a, camp, fire, ., it's, named, after, the, road, it, started, near, ,, something, like, camp, creek, rd, .]",2018-11-14 23:43:13,,
"[new, drone, footage, shows, full, horror, of, california's, wildfires, via]",2018-11-14 23:43:13,,
"[our, neighbors, to, the, north, and, south, have, been, greatly, impacted, by, major, fires, ., in, ventura, and, los, angeles, counties, the, #woolseyfire, has, burned, 97,000+, acres, and, in, butte, county, the, ...]",2018-11-14 23:43:10,,
"[the, butte, county, sheriff's, department, released, a, list, of, 103, people, still, missing, in, the, california, wildfires, ., most, on, the, list, are, older, than, 70, ;, many, are, in, their, 90s, .]",2018-11-14 23:43:04,,
"[just, as, a, mule, had, run, out, of, energy, trying, to, escape, a, swimming, pool, ,, heroes, emerged, -, -, and, hope, flickered, anew, from, the, embers, of, paradise, ,, california, #campfire, #californiafires]",2018-11-14 23:43:04,,
"[sierra, nevada, brewing, co, ., establishes, camp, fire, relief, fund]",2018-11-14 23:43:03,,
"[the, latest, nasa, imagery, from, space, of, the, wildfire, smoke, from, northern, and, southern, california, ., the, central, valley, getting, the, worst, of, the, air, quality, as, smoke, settles, and, creates, an, inversion, ., #nhkworld, #nhknewsline, #worldweather, #campfire, #woolseyfire]",2018-11-14 23:42:48,,
"[shit, is, wild, i, just, saw, some, some, niggas, getting, roasted, like, on, a, camp, fire, [, face, with, tears, of, joy, ], [, face, with, tears, of, joy, ]]",2018-11-14 23:42:44,0.0,
"[report, :, shivering, horse, found, waiting, out, camp, fire, in, backyard, pool, (, photos, )]",2018-11-14 23:42:43,,
"[no, worriessuperfund, toxic, waste, site, owned, by, boeing, #californiafire, rips, through, nuclear, waste, site, ,, fueling, concerns, of, airborne, radioactive, toxins, #woolseyfire]",2018-11-14 23:42:40,,
"[death, toll, mounts, to, 48, in, northern, california, fire, ,, deadliest, in, state, ..., excitingads, !, news]",2018-11-14 23:42:33,,
"[information, for, the, hashtags, #thousandoaks, #woolseyfire, #woolseyfires, #westlakevillage, #agourahills, #calabasas, #lakesherwood, #oakpark, #newburypark]",2018-11-14 23:42:21,,
"[super, smokey, day, in, the, #bayareawx, #campfire, #californiafires, #sanjose, #sanfrancisco, #oakland]",2018-11-14 23:42:16,,
"[#campfire, trees, untouched, ,, homes, burnt, down, ., embers, and, house-to-house, spread, responsible, ., de-forestation, and, logging, not, the, answer, to, saving, homes, .]",2018-11-14 23:42:15,,
"[due, to, the, amazing, response, from, our, community, ,, we, are, now, asking, for, all, donations, to, be, in, monetary, form, ., #campfire]",2018-11-14 23:42:09,,
"[how, we're, running, the, city's, payroll, today, ., get, a, respirator, mask, and, stay, indoors, ., the, air, quality, is, extremely, unhealthy, ., for, our, non, california, friends, -, our, paradise, friends, have, lost, their, entire, town, ,, the, #campfire, #paradisestrong, #firefighterheros]",2018-11-14 23:41:55,,
"[_usa, my, #oneplus, 5, has, been, invaluable, through, the, past, 5, days, of, #cafires, ., it's, held, a, charge, ,, kept, service, when, i, was, moving, /, evacuating, ,, broadcasted, ,, and, handled, communications, to, help, assist, friends, ., great, phone, !, #woolseyfire, #oneplus_usa]",2018-11-14 23:41:48,,
"[my, friend, es, has, a, cousin, who, lost, everything, in, the, paradise, /, camp, fire, ., please, help, if, you, can, .]",2018-11-14 23:41:39,,
"[i, feel, bad, for, our, earth, ,, we, should, be, taking, care, ,, replenishing, ,, loving, ,, and, making, it, our, first, priority, but, no, ..., b, /, c, of, a, few, ppl, leaving, a, camp, fire, has, literally, caused, most, of, ca's, air, to, be, shit, ,, why, worry, about, damaging, ur, lungs, from, smoking, wen, you, can, just, walk, outside]",2018-11-14 23:41:38,,
"[#live, fire, relief, :, #cbsla, and, have, teamed, up, with, to, help, southern, california, fire, victims, ., donate, now, :, -, call, (818) 821-1080, -, text, 2018fires, to, 41444, -, donate, online, at, #woolseyfire, #hillfire, #cbslahelps]",2018-11-14 23:41:37,,
"[dont, completely, agree, with, on, the, #campfire, situation, ,, but, if, you, cant, build, houses, in, flood, prone, areas, ,, why, can, you, build, in, wildfire, areas, ?, #firefighters, #firefighter]",2018-11-14 23:41:37,,
"[families, with, nothing, to, eat, ,, no, where, to, sleep, ....]",2018-11-14 23:41:35,,
"[ian, is, my, son, and, fiona, my, six, year, old, granddaughter, ., he, works, hard, and, is, a, single, dad, ., he, bought, his, home, hoping, to, provide, fiona, a, secure, home, ., today, he, finally, found, out, it, was, totally, destroyed, in, the, camp, fire, ., today, he, starts, over, ,, it's, hard, but, he's, strong, .]",2018-11-14 23:41:28,,
"[fire, relief, :, #cbsla, and, have, teamed, up, with, to, help, southern, california, fire, victims, :D, onate, now, :, -, call, our, phone, bank, at, (818) 821-1080, -, text, 2018fires, to, 41444, -, donate, online, at, #woolseyfire, #hillfire, #cbslahelps]",2018-11-14 23:41:26,,
"[unbelievable, the, #campfire, is, still, actively, burning, yet, the, lawyers, have, filed, suits, against, the, power, company, ., peoples, lives, in, totally, destroyed, yet, the, blood, suckers, are, feeding, up, .]",2018-11-14 23:41:18,,
"[paradise, residents, sue, pg, &, amp, ;, e, in, california's, devastating, camp, fire, via]",2018-11-14 23:41:16,,
"[while, the, cause, of, the, camp, fire, is, still, under, investigation, ,, if, the, utility's, equipment, is, determined, to, be, the, cause, ,, the, utility, could, be, subject, to, significant, liability, in, excess, of, insurance, coverage, .]",2018-11-14 23:41:14,,
"[male, neutered, possible, tabby, ,, transferred, from, vca, valley, oak, to, loomis, ., found, near, rite, aid, in, paradise, #clark, #elliott, #campfire, #campfirepets, source, :]",2018-11-14 23:41:11,,
"[ways, to, help, !, #prayforcalifornia]",2018-11-14 23:41:10,,
"[here, is, a, camp, fire, google, shortlink, for, people, looking, for, an, aggregate, way, to, bounce, around, on, norcal, #campfire, stuffs, .]",2018-11-14 23:41:07,,
"[3rd, body, found, in, southern, california, fire, zone]",2018-11-14 23:41:02,,
"[please, consider, helping, the, ', camp, fire, animal, relief, fund, ', -, via]",2018-11-14 23:40:56,,
"[_fire, my, daughter's, ins, co, sent, her, satellite, photos, of, her, home, before, /, after, the, fire, ., the, photos, showed, all, the, homes, still, standing, ., my, daughter, had, a, video, of, after, the, fire, with, 3, homes, left, in, her, neighborhood, ., she, sent, the, video, to, prove, they, had, inaccurate, info, ., #campfire]",2018-11-14 23:40:54,,
"[the, camp, fire, ,, which, started, thursday, within, or, near, the, forest, service, boundary, ,, has, burned, 111,000, acres, ., most, of, the, area, burned, ,, however, ,, was, outside, the, national, forest, .]",2018-11-14 23:40:53,,
"[los, angeles, county, sheriff's, department, announces, additional, repopulation, for, areas, impacted, by, the, #woolseyfire]",2018-11-14 23:40:53,,
"[class, act, with, the, donation, to, #campfire, .]",2018-11-14 23:40:50,,
"[garbage, collector, pulls, 93, -, year-old, woman, in, truck, to, save, her, from, california, camp, fire]",2018-11-14 23:40:44,,
"[there, are, so, many, #campfire, survivors, ,, sleeping, in, tents, and, their, cars, !, anyone, in, butte, co, or, norcal, that, can, donate, some, heaters, ?, we, cannot, forget, the, survivors, just, because, the, days, are, going, by, .]",2018-11-14 23:40:43,,
"[amazing, rescues, in, california, ., we, found, this, cat, at, wagstaff, road, /, rocky, lane, ., is, driving, around, with, pet, food, and, water, to, help, out, animals, who've, made, it, through, this, fire, !, kitty, is, at, vca, valley, oak, vet, center, ., #campfire, ...]",2018-11-14 23:40:35,,
"[this, ., is, ., not, ., the, camp, fire, .]",2018-11-14 23:40:28,,
"[only, you, can, prevent, forest, fires, ., #campfire]",2018-11-14 23:40:25,,
"[looking, to, support, families, who, lost, their, homes, in, the, #woolseyfire, ?, please, consider, donating, to, my, soon-to-be, family-in-law, .]",2018-11-14 23:40:23,,
"[stories, of, survival, from, the, camp, firefollow, kqed's, ongoing, wildfire, coverage, ., the, camp, fire, in, butte, county, is, now, the, most, destructive, and, deadly, blaze, in, california, history, ,, having, killed, at, least, 48, and, destroyed, more, than, thousands, of, homes, and, b, ...]",2018-11-14 23:40:20,,
"[time, to, start, reading, up, on, how, towns, and, cities, recover, from, tornadoes, ,, which, is, the, only, other, socionatural, event, in, the, us, that, seems, to, compare, in, terms, of, speed, and, town-wide, destruction, as, #campfire, .]",2018-11-14 23:40:12,,
"[', it's, going, to, get, worse, ', :, official, fear, many, more, deaths, in, california, wildfires, -, abc, news, -, via]",2018-11-14 23:40:11,,
"[watch, :, ominous, drone, footage, shows, camp, fire, in, chico, ,, california, :, this, video, ,, shot, by, teacher, michael, peck, and, his, student, production, team, ,, showed, the, football, field, and, town, between, 10:30, and, 11:30, am, on, nov, ., 9, ., #us]",2018-11-14 23:40:09,,
"[this, evening, i, spoke, with, ,, a, us, based, filmmaker, who, takes, me, through, his, experience, of, the, #woolseyfire, here, is, that, conversation, #podcast, #podernfamily]",2018-11-14 23:40:09,,
"[camp, fire, :, reno, man, jailed, on, drug, ,, gun, charges, in, evacuated, area, .]",2018-11-14 23:40:07,,
"[this, is, such, a, nice, thing, for, #amazonprime, to, suggest, giving, smoke, detectors, to, those, affected, by, the, wildfires, ., #campfire, #californiafires]",2018-11-14 23:40:07,,
"[interior, secretary, ryan, zinke, called, the, camp, fire, ,, which, practically, destroyed, the, town, of, paradise, in, northern, california, ,, worse, than, any, war, zone, i, saw, in, iraq]",2018-11-14 23:40:00,,
"[y'all, i, don't, mean, to, be, rude, or, anything, but, like, ..., could, california, have, chosen, a, better, name, for, camp, fire, ?, ?, it, doesn't, sound, threatening, at, all, ,, it, sounds, like, i, want, to, cuddle, up, next, to, it, and, make, s'mores]",2018-11-14 23:40:00,,
"[_pelletier, rumor, up, here, in, northern, california, is, the, paradise, one, (, camp, fire, ), was, caused, by, faulty, pg, &, amp, ;, e, equipment, ..]",2018-11-14 23:39:51,,
"[stay, inside, if, you, can, !, air, quality, is, still, bad, now, .., in, the, unhealthy, to, very, unhealthy, category, ., unfortunately, ,, not, much, improvement, next, 4, days, ., smoke, impacts, from, #campfire, are, going, to, continue, ., #californiafire, #cafire]",2018-11-14 23:39:49,,
"[#repost, code, _1_ff, our, thoughts, and, prayers, are, with, the, people, who, have, been, impacted, by, the, #campfire, and, the, #woosleyfire]",2018-11-14 23:39:48,,
"[local, officials, warned, the, destruction, from, the, camp, fire, could, set, off, a, wave, of, refugee, migration, akin, to, a, smaller, version, of, the, dust, bowl, of, the, 1930s, .]",2018-11-14 23:39:48,,
"[our, hearts, go, out, to, the, victims, of, the, butte, county, camp, fire, ., thank, you, to, the, firefighters, and, all, of, those, on, the, ground, supporting, those, affected, ., to, assist, ,, visit, the, salvation, army, landing, page, >, >, #buttecountystrong, #paradisestrong, #calistrong]",2018-11-14 23:39:48,,
"[camp, fire, evacuees, face, housing, and, humanitarian, crisis, |, the, sacramento, bee]",2018-11-14 23:39:48,,
"[more, than, 100, missing, -, -, most, of, them, senior, citizens, -, -, in, california's, camp, fire]",2018-11-14 23:39:37,,
"[the, camp, fire, is, very, different, from, previous, wildfires, ., the, victims, are, older, ,, poorer, and, ,, likely, ,, more, disabled, ., it, will, be, much, more, difficult, for, them, to, get, by, and, get, back, on, their, feet, ., a, humanitarian, crisis, in, the, making, .]",2018-11-14 23:39:29,,
"[in, paradise, ,, some, landmarks, go, untouched, while, #campfire, consumes, others]",2018-11-14 23:39:26,,
"[from, the, mercury, news, page, :, there, are, so, many, ways, you, can, help, victims, of, the, camp, fire, ., pick, one, :, *, offer, free, housing, through, airbnb's, disaster, program, *, donate, fresh, ...]",2018-11-14 23:39:21,,
"[people, make, public, appeals, for, unreachable, loved, ones, during, northern, california, fire]",2018-11-14 23:39:12,,
"[make, that, death, toll, 48, ....., with, 100, ', s, missing, ., all, of, the, dead, are, from, the, #campfire, ...., (, #paradisefire, ), ., #heartbrokeninnocal]",2018-11-14 23:39:02,,
"[camp, fire, has, become, california's, deadliest, fire, in, 85, years]",2018-11-14 23:38:52,,
"[notice, anything, missing, ?, that, would, be, the, downtown, sacramento, skyline, ., view, is, from, the, harbor, blvd, ., freeway, overpass, ., #campfire, #californiawildfires, #smoke]",2018-11-14 23:38:51,,
"[do, one, with, jerry, brown, :, ca, gov, ., jerry, brown, vetoed, 2016, wildfire, management, bill, while, ca, burned, #campfire, #woosleyfire, #cafires, #jerrybrown]",2018-11-14 23:38:49,,
"[inside, california's, worst, wildfire, :, the, unprecedented, devastation, of, the, camp, fire]",2018-11-14 23:38:45,,
